{
  "evolution_matrix": [
    [
      0.0,
      0.0,
      0.0,
      0.0
    ],
    [
      0.3333333333333333,
      0.0,
      0.3333333333333333,
      0.0
    ],
    [
      0.3333333333333333,
      0.3333333333333333,
      0.0,
      0.0
    ],
    [
      0.3333333333333333,
      0.6666666666666666,
      0.6666666666666666,
      1.0
    ]
  ],
  "eigenvalues": [
    1.0,
    -0.3333333333333333,
    0.3333333333333333,
    0.0
  ],
  "spectral_gap": 0.6666666666666667,
  "composition_table": [
    [
      0,
      0,
      0,
      0
    ],
    [
      0,
      1,
      3,
      3
    ],
    [
      0,
      3,
      2,
      3
    ],
    [
      0,
      3,
      3,
      3
    ]
  ],
  "charges": [
    0,
    1,
    -1,
    0
  ]
}